naslov, tekst, slika, kategorija
test 1,"Lorem ipsum dolor sit amet, consectetur adipiscing elit. Quisque eu fringilla enim. Vivamus eget molestie risus. Fusce dictum aliquet tortor sit amet consequat. Sed in fringilla est. Donec quis massa ut libero blandit elementum eget ut urna. Duis ullamcorper tellus nunc, a sodales felis imperdiet sed. Phasellus vel porttitor sem, ut interdum lorem. In quis enim est.

Suspendisse potenti. Vestibulum cursus, urna ut scelerisque dapibus, neque eros posuere nulla, et aliquet lacus mi quis ligula. Fusce ante justo, viverra sed orci vel, hendrerit sollicitudin enim. Fusce sit amet porta eros. Nullam tempus, massa pharetra vestibulum vulputate, ipsum dui semper quam, at aliquam nunc dui id velit. Nunc pellentesque orci sed metus convallis, at blandit est dictum. Curabitur ultricies nulla vitae feugiat sagittis. Nulla ut diam mi. Suspendisse ut nunc ut mi convallis vehicula. Nunc vitae nisi sagittis, pretium augue quis, tincidunt libero. Sed sit amet velit sapien. Suspendisse non ligula molestie, convallis dui in, consectetur nunc. Ut ac nulla magna. Maecenas ornare ipsum at lacus varius, sed tincidunt justo mollis. Vestibulum mattis pulvinar sem, ac imperdiet tortor elementum sed. Etiam efficitur orci in consectetur egestas.

Nam maximus euismod augue vel fermentum. Nulla facilisi. In lorem urna, dictum et bibendum ultrices, dignissim non felis. Quisque quis porta metus. Cras turpis nisi, semper vitae sapien ac, rutrum efficitur velit. Aenean consequat consequat nisl, in tempus velit scelerisque vitae. Cras ac ultrices arcu. Vivamus ac bibendum metus. Ut imperdiet vehicula venenatis. Mauris semper eros vel lorem scelerisque, id interdum nisi euismod. Nunc ac urna nulla. Suspendisse tincidunt ex in efficitur accumsan. Mauris sit amet eros porttitor, lobortis felis ac, varius purus.

Aliquam non nulla nec nulla viverra pellentesque. Proin tempor felis justo, nec porta risus tempor sed. Sed dictum commodo euismod. Morbi blandit velit vel ullamcorper suscipit. Ut blandit euismod dui, non mattis sapien tristique at. Ut at mauris diam. Vestibulum aliquet, mi ac iaculis eleifend, purus dolor vehicula nibh, vel egestas massa odio vel ipsum. Donec dictum diam pretium bibendum pretium. Sed eu pharetra lorem. Integer quis ornare sapien. Nunc faucibus faucibus congue. Proin mattis volutpat feugiat. Fusce ornare id nisl id sodales.

Nunc gravida, quam eu pretium imperdiet, ex ante dignissim tortor, consectetur pellentesque elit erat ac orci. Pellentesque habitant morbi tristique senectus et netus et malesuada fames ac turpis egestas. Nunc venenatis elit ut lorem placerat condimentum. Donec tincidunt molestie neque, vel rutrum magna consectetur ut. Sed pellentesque mi nec dapibus dictum. Orci varius natoque penatibus et magnis dis parturient montes, nascetur ridiculus mus. Phasellus blandit risus a urna gravida varius.", https://www.drupal.org/files/protect-the-open-web_0.png, sport
test 2,"Lorem ipsum dolor sit amet, consectetur adipiscing elit. Quisque eu fringilla enim. Vivamus eget molestie risus. Fusce dictum aliquet tortor sit amet consequat. Sed in fringilla est. Donec quis massa ut libero blandit elementum eget ut urna. Duis ullamcorper tellus nunc, a sodales felis imperdiet sed. Phasellus vel porttitor sem, ut interdum lorem. In quis enim est.

Suspendisse potenti. Vestibulum cursus, urna ut scelerisque dapibus, neque eros posuere nulla, et aliquet lacus mi quis ligula. Fusce ante justo, viverra sed orci vel, hendrerit sollicitudin enim. Fusce sit amet porta eros. Nullam tempus, massa pharetra vestibulum vulputate, ipsum dui semper quam, at aliquam nunc dui id velit. Nunc pellentesque orci sed metus convallis, at blandit est dictum. Curabitur ultricies nulla vitae feugiat sagittis. Nulla ut diam mi. Suspendisse ut nunc ut mi convallis vehicula. Nunc vitae nisi sagittis, pretium augue quis, tincidunt libero. Sed sit amet velit sapien. Suspendisse non ligula molestie, convallis dui in, consectetur nunc. Ut ac nulla magna. Maecenas ornare ipsum at lacus varius, sed tincidunt justo mollis. Vestibulum mattis pulvinar sem, ac imperdiet tortor elementum sed. Etiam efficitur orci in consectetur egestas.

Nam maximus euismod augue vel fermentum. Nulla facilisi. In lorem urna, dictum et bibendum ultrices, dignissim non felis. Quisque quis porta metus. Cras turpis nisi, semper vitae sapien ac, rutrum efficitur velit. Aenean consequat consequat nisl, in tempus velit scelerisque vitae. Cras ac ultrices arcu. Vivamus ac bibendum metus. Ut imperdiet vehicula venenatis. Mauris semper eros vel lorem scelerisque, id interdum nisi euismod. Nunc ac urna nulla. Suspendisse tincidunt ex in efficitur accumsan. Mauris sit amet eros porttitor, lobortis felis ac, varius purus.

Aliquam non nulla nec nulla viverra pellentesque. Proin tempor felis justo, nec porta risus tempor sed. Sed dictum commodo euismod. Morbi blandit velit vel ullamcorper suscipit. Ut blandit euismod dui, non mattis sapien tristique at. Ut at mauris diam. Vestibulum aliquet, mi ac iaculis eleifend, purus dolor vehicula nibh, vel egestas massa odio vel ipsum. Donec dictum diam pretium bibendum pretium. Sed eu pharetra lorem. Integer quis ornare sapien. Nunc faucibus faucibus congue. Proin mattis volutpat feugiat. Fusce ornare id nisl id sodales.

Nunc gravida, quam eu pretium imperdiet, ex ante dignissim tortor, consectetur pellentesque elit erat ac orci. Pellentesque habitant morbi tristique senectus et netus et malesuada fames ac turpis egestas. Nunc venenatis elit ut lorem placerat condimentum. Donec tincidunt molestie neque, vel rutrum magna consectetur ut. Sed pellentesque mi nec dapibus dictum. Orci varius natoque penatibus et magnis dis parturient montes, nascetur ridiculus mus. Phasellus blandit risus a urna gravida varius.", https://www.drupal.org/files/migrate.jpg|https://www.drupal.org/files/project-images/slider-diff.png, nauka 
